[
  {
    "tool_name": "EmailTool",
    "query": "Can you help me find that email from my boss about the project deadline?"
  },
  {
    "tool_name": "EmailTool",
    "query": "I'm drowning in emails. Can you sort these by importance?"
  },
  {
    "tool_name": "EmailTool",
    "query": "Show me all unread emails from my work account"
  },
  {
    "tool_name": "EmailTool",
    "query": "I need to draft an email to my team about next week's meeting"
  },
  {
    "tool_name": "EmailTool",
    "query": "Help! I can't find that important email from last month"
  },
  {
    "tool_name": "EmailTool",
    "query": "Can u move all these marketing emails to a separate folder?"
  },
  {
    "tool_name": "EmailTool",
    "query": "I want to reply to Sarah's email about the conference"
  },
  {
    "tool_name": "EmailTool",
    "query": "Search for emails with 'invoice' in the last 30 days"
  },
  {
    "tool_name": "EmailTool",
    "query": "My inbox is a mess. Can you organize these emails?"
  },
  {
    "tool_name": "EmailTool",
    "query": "Find all emails from my mom with attachments"
  },
  {
    "tool_name": "EmailTool",
    "query": "I need to send a quick email to my client"
  },
  {
    "tool_name": "EmailTool",
    "query": "Mark all these newsletters as read"
  },
  {
    "tool_name": "EmailTool",
    "query": "Help me track down that email about my doctor's appointment"
  },
  {
    "tool_name": "EmailTool",
    "query": "Can you show me emails from John in the last week?"
  },
  {
    "tool_name": "EmailTool",
    "query": "I'm looking for an email with a contract attachment"
  },
  {
    "tool_name": "EmailTool",
    "query": "Delete all these spam emails, please"
  },
  {
    "tool_name": "EmailTool",
    "query": "I need to check if my flight confirmation email came through"
  },
  {
    "tool_name": "EmailTool",
    "query": "Show me emails tagged as 'important'"
  },
  {
    "tool_name": "EmailTool",
    "query": "Can you help me draft a resignation letter?"
  },
  {
    "tool_name": "EmailTool",
    "query": "I want to see all emails from my work email this month"
  },
  {
    "tool_name": "EmailTool",
    "query": "Find emails about the school fundraiser"
  },
  {
    "tool_name": "EmailTool",
    "query": "I need to forward that recipe email to my sister"
  },
  {
    "tool_name": "EmailTool",
    "query": "Can you help me clean up my inbox?"
  },
  {
    "tool_name": "EmailTool",
    "query": "Search for emails with 'meeting notes' in the subject"
  },
  {
    "tool_name": "EmailTool",
    "query": "I'm trying to find an old email from my accountant"
  },
  {
    "tool_name": "EmailTool",
    "query": "Show me unread emails from my personal account"
  },
  {
    "tool_name": "EmailTool",
    "query": "Help me send a thank you email to the interview panel"
  },
  {
    "tool_name": "EmailTool",
    "query": "Can you move all these old emails to an archive folder?"
  },
  {
    "tool_name": "EmailTool",
    "query": "I need to reply to the party invitation"
  },
  {
    "tool_name": "EmailTool",
    "query": "Find emails from my kids' school"
  },
  {
    "tool_name": "EmailTool",
    "query": "Can you help me schedule this email to send later?"
  },
  {
    "tool_name": "EmailTool",
    "query": "I want to see all emails with attachments"
  },
  {
    "tool_name": "EmailTool",
    "query": "Help me find that email about the car repair"
  },
  {
    "tool_name": "EmailTool",
    "query": "Can you show me emails from last Christmas?"
  },
  {
    "tool_name": "EmailTool",
    "query": "I need to send a quick follow-up to my client"
  },
  {
    "tool_name": "EmailTool",
    "query": "Search for emails with my tax documents"
  },
  {
    "tool_name": "EmailTool",
    "query": "Can you help me merge these duplicate emails?"
  },
  {
    "tool_name": "EmailTool",
    "query": "I want to see all emails from my gym"
  },
  {
    "tool_name": "EmailTool",
    "query": "Help me find that important work proposal"
  },
  {
    "tool_name": "EmailTool",
    "query": "Can you show me emails from my vacation last summer?"
  },
  {
    "tool_name": "EmailTool",
    "query": "I need to send a birthday email to my friend"
  },
  {
    "tool_name": "EmailTool",
    "query": "Find emails about the upcoming family reunion"
  },
  {
    "tool_name": "EmailTool",
    "query": "Can you help me recover a deleted email?"
  },
  {
    "tool_name": "EmailTool",
    "query": "I want to see all emails from my volunteer group"
  },
  {
    "tool_name": "EmailTool",
    "query": "Help me draft an email to my landlord"
  },
  {
    "tool_name": "EmailTool",
    "query": "Can you show me emails with my travel itinerary?"
  },
  {
    "tool_name": "EmailTool",
    "query": "I need to send a quick update to my team"
  },
  {
    "tool_name": "EmailTool",
    "query": "Find emails about the neighborhood block party"
  }
]